Name,Name
Accounts Payable,AP_SUBCONTRACT_USER_FIELDS_MC
Accounts Payable,VN_1099_MC
Accounts Payable,Vn_Aging_Detail_Mc
Accounts Payable,VN_CHANGE_ORDER_HISTORY_MC
Accounts Payable,VN_CHANGE_ORDER_NOTES_MC
Accounts Payable,VN_CHNG_REQ_SUB_DET_MC
Accounts Payable,VN_CHNG_REQ_SUB_HDR_MC
Accounts Payable,VN_CHNG_REQ_SUB_NOTES_MC
Accounts Payable,VN_CURRENT_ROUT_PROCESS_MC
Accounts Payable,VN_DOCUMENT_TRACK_ITEM_MC
Accounts Payable,VN_GL_DISTRIBUTION_DETAIL_MC
Accounts Payable,VN_GL_DISTRIBUTION_HEADER_MC
Accounts Payable,VN_GL_HISTORY_MC
Accounts Payable,VN_INVOICE_APPROVAL_DET_MC
Accounts Payable,VN_INVOICE_APPROVAL_HDR_MC
Accounts Payable,VN_INVOICE_TRAN_DETAIL_MC
Accounts Payable,VN_INVOICE_TRAN_HEADER_MC
Accounts Payable,VN_INVOICE_USER_FIELDS_DET_MC
Accounts Payable,VN_OPEN_ITEMS_MC
Accounts Payable,VN_OPR_ROUTING_LAYOUT_MC
Accounts Payable,VN_PAYMENT_HISTORY_MC
Accounts Payable,VN_REJECTED_INVOICES_MC
Accounts Payable,VN_ROUTING_HISTORY_MC
Accounts Payable,VN_ROUTING_MASTER_DETAIL_MC
Accounts Payable,VN_ROUTING_MASTER_HEADER_MC
Accounts Payable,VN_SUBCONTRACT_CO_TOTAL_MC
Accounts Payable,VN_SUBCONTRACT_MC
Accounts Payable,VN_SUBCONTRACT_PHASE_MC
Accounts Payable,VN_SUBCONTRACT_USR_FIELDS_MC
Accounts Payable,VN_UNAPP_USER_FIELDS_DET_MC
Accounts Payable,VN_USE_TAX_MASTER_MC
Accounts Payable,VN_VEND_SUB_DOC_TRACK_MC
Accounts Payable,VN_VENDOR_BALANCE_MC
Accounts Payable,VN_VENDOR_BILLED_MTD_MC
Accounts Payable,VN_VENDOR_CATEGORY_MC
Accounts Payable,VN_VENDOR_COMMENTS_MC
Accounts Payable,VN_VENDOR_CONTACTS_MC
Accounts Payable,VN_VENDOR_COST_CENTERS_MC
Accounts Payable,VN_VENDOR_LOCATIONS_MC
Accounts Payable,VN_VENDOR_MASTER_MC
Accounts Payable,VN_VENDOR_MASTER1_V_MC
Accounts Payable,VN_VENDOR_PAID_MTD_MC
Accounts Payable,VN_VENDOR_USER_DEF_FIELDS_MC
Accounts Payable,z_VN_1099_Lockdown_MC
Accounts Payable,z_VN_PMT_HST_CheckNumNumeric_MC
Accounts Payable,z_VN_SOX_EX_03_MC
Accounts Payable,z_VN_Vendor_UDFs_MC
Accounts Receivable,CR_AGING_DETAIL_MC
Accounts Receivable,CR_ALTERNATE_BILLTO_ADDR_MC
Accounts Receivable,CR_BILL_DETAIL_MC
Accounts Receivable,CR_BILLING_HEADER_MC
Accounts Receivable,CR_CASH_RECEIPT_TRAN_DET_MC
Accounts Receivable,CR_CASH_RECEIPT_TRAN_MC
Accounts Receivable,CR_CHANGE_ORDER_HEADER_MC
Accounts Receivable,CR_CHANGE_ORDER_NOTES_MC
Accounts Receivable,CR_CHANGE_ORDER_REVENUE_MC
Accounts Receivable,CR_CHANGE_ORDER_STATUS_MC
Accounts Receivable,CR_CHNG_REQ_BY_TYPE_MC
Accounts Receivable,CR_CHNG_REQ_CON_DET_MC
Accounts Receivable,CR_CHNG_REQ_HDR_MC
Accounts Receivable,CR_CHNG_REQ_NOTES_MC
Accounts Receivable,CR_CHNG_REQ_REV_MC
Accounts Receivable,CR_CHNG_REQ_STATUS_MC
Accounts Receivable,CR_CNTR_BALANCE_MTD_MC
Accounts Receivable,CR_CNTR_BILLED_MTD_MC
Accounts Receivable,CR_CNTR_CO_CR_MTD_MC
Accounts Receivable,CR_CNTR_PAID_MTD_MC
Accounts Receivable,CR_COMMENTS_MC
Accounts Receivable,CR_CONTRACT_COMMENTS_MC
Accounts Receivable,CR_CONTRACT_DETAIL_CO_TOT_MC
Accounts Receivable,CR_CONTRACT_MASTER_MC
Accounts Receivable,CR_CONTRACT_MASTER1_V_MC
Accounts Receivable,CR_CONTRACT_USR_FLDS_DET_MC
Accounts Receivable,CR_CUST_BILLED_MTD_MC
Accounts Receivable,CR_CUST_COST_CENTERS_MC
Accounts Receivable,CR_CUST_PAID_MTD_MC
Accounts Receivable,CR_CUST_USER_DEF_FIELDS_MC
Accounts Receivable,CR_CUSTOMER_CATEGORY_MC
Accounts Receivable,CR_CUSTOMER_CONTACTS_MC
Accounts Receivable,CR_CUSTOMER_CREDIT_LIMIT_MC
Accounts Receivable,CR_CUSTOMER_MASTER_2V_MC
Accounts Receivable,CR_CUSTOMER_MASTER_MC
Accounts Receivable,CR_CUSTOMER_TOP_10_MC
Accounts Receivable,CR_DRAW_REQUEST_DETAIL_MC
Accounts Receivable,CR_GL_HISTORY_MC
Accounts Receivable,CR_INV_USER_FIELDS_DET_MC
Accounts Receivable,CR_INVOICE_DETAIL_MC
Accounts Receivable,CR_INVOICE_HEADER_MC
Accounts Receivable,CR_INVOICE_LOG_MC
Accounts Receivable,CR_OPEN_ITEM_MC
Accounts Receivable,CR_PAY_ADJUST_HISTORY_MC
Accounts Receivable,CR_SALES_TAX_MASTER_MC
Accounts Receivable,CR_SALES_TAX_MTD_MC
Accounts Receivable,CR_SALESMAN_MASTER_MC
Accounts Receivable,CR_SALESPERSON_BILLED_MTD_MC
Accounts Receivable,CR_TERMS_MASTER_MC
Accounts Receivable,CR_UNIT_PRICE_DETAIL_MC
Accounts Receivable,z_CR_CORevenueAudit_MC
Accounts Receivable,z_CR_CrCoDetail_MC
Accounts Receivable,z_CR_CrDetForRevRec_MC
Accounts Receivable,z_CR_CRRevenueAudit_MC
Cash Management,BR_ACCT_COST_CENTERS_MC
Cash Management,BR_BANK_ACCOUNT_MC
Cash Management,BR_CARD_ACCOUNT_DETAIL_MC
Cash Management,BR_CARD_STMT_DETAIL_MC
Cash Management,BR_CHECK_RECON_HISTORY_MC
Cash Management,BR_CHECK_RECON_MC
Cash Management,BR_DEPOSIT_RECON_HISTORY_MC
Cash Management,BR_DEPOSIT_RECON_MC
Cash Management,BR_DIRECT_CHECK_DETAIL_MC
Cash Management,BR_DIRECT_CHECK_HEADER_MC
Cash Management,BR_DIRECT_CHECK_HISTORY_MC
Cash Management,BR_DIRECT_CHK_DET_HISTORY_MC
Cash Management,BR_ENTRY_HEADER_MC
Cash Management,BR_RECON_CARD_DETAIL_MC
Cash Management,BR_RECON_ENTRY_ADDITIONS_MC
Cash Management,BR_RECON_ENTRY_DEDUCTIONS_MC
Cash Management,BR_STATEMENT_HEADER_HIST_MC
Cash Management,BR_VOID_DIRECT_CHECK_MC
Cash Management,BR_VOID_WIRE_TRANSFER_MC
Cash Management,BR_WIRE_TRANSFER_DET_HIST_MC
Cash Management,BR_WIRE_TRANSFER_DETAIL_MC
Cash Management,BR_WIRE_TRANSFER_HEADER_MC
Cash Management,BR_WIRE_TRANSFER_HISTORY_MC
Document Imaging,DI_BATCH_MC
Document Imaging,DI_CACHE_LOCATION_MC
Document Imaging,DI_CREATE_CD_ERRORS_MC
Document Imaging,DI_FULL_TEXT_LOG_MC
Document Imaging,DI_FULL_TEXT_PENDING_MC
Document Imaging,DI_JC_HISTORY_XREF_MC
Document Imaging,DI_MASTER_MC
Document Imaging,DI_OPER_SECUR_CAB_DRAW_MC
Document Imaging,DI_OPER_SECUR_OVERRIDES_MC
Document Imaging,DI_TM_BILLING_XREF_MC
Document Imaging,DI_TRAN_NO_IMAGE_BY_OPR_MC
Document Imaging,DI_UNASSIGNED_DOCUMENTS_MC
Equipment Control,EC_ACTUAL_COST_HISTORY_MC
Equipment Control,EC_ACTUAL_COST_MC
Equipment Control,EC_AGENCY_STATE_MC
Equipment Control,EC_ATTRIBUTE_MC
Equipment Control,EC_COMPLIANCE_MC
Equipment Control,EC_COMPONENT_CODE_MC
Equipment Control,EC_COMPONENT_GROUP_MC
Equipment Control,EC_COMPONENT_USER_FIELDS_MC
Equipment Control,EC_COST_CATEGORY_MC
Equipment Control,EC_DEPR_LICENSE_ENTRY_MC
Equipment Control,EC_DEPRECIATION_LICENSE_MC
Equipment Control,EC_EQP_ATTACHMENTS_MC
Equipment Control,EC_EQP_ATTRIBUTES_MC
Equipment Control,EC_EQP_COMPLIANCE_MC
Equipment Control,EC_EQP_COMPONENTS_MC
Equipment Control,EC_EQP_STAT_USER_DEF_FLDS_MC
Equipment Control,EC_EQP_STATISTICS_MC
Equipment Control,EC_EQP_TIRE_MC
Equipment Control,EC_EQP_TYPE_STD_ATTRIB_MC
Equipment Control,EC_EQP_TYPE_STD_COMPOS_MC
Equipment Control,EC_EQP_TYPE_STD_STATS_MC
Equipment Control,EC_EQP_TYPE_WCLASS_MC
Equipment Control,EC_EQP_USER_DEF_FLDS_MC
Equipment Control,EC_EQP_WARRANTY_MC
Equipment Control,EC_EQUIPMENT_LAST_METER_MC
Equipment Control,EC_EQUIPMENT_MASTER_GPS_MC
Equipment Control,EC_EQUIPMENT_MASTER_MC
Equipment Control,EC_EQUIPMENT_RUN_LOG_MC
Equipment Control,EC_EQUIPMENT_STATUS_MC
Equipment Control,EC_EQUIPMENT_TYPE_MC
Equipment Control,EC_FUEL_OIL_MC
Equipment Control,EC_JOB_EQUIPMENT_RATE_MC
Equipment Control,EC_MAKE_MC
Equipment Control,EC_METER_HISTORY_MC
Equipment Control,EC_MODEL_MC
Equipment Control,EC_MTD_YTD_JTD_INFO2V_MC
Equipment Control,EC_REVENUE_HISTORY_MC
Equipment Control,EC_REVENUE_MC
Equipment Control,EC_STATISTICS_MC
Equipment Control,EC_STATS_ALPHA_MC
Equipment Control,EC_TIRE_MC
Equipment Control,EC_TRANSACTION_ENTRY_MC
Equipment Control,EC_WARRANTOR_MC
Equipment Control,EC_WARRANTY_MC
Equipment Control,EC_WARRANTY_TYPE_MC
Equipment Control,EC_WEIGHT_CLASS_MC
Equipment Control,EC_YARD_MAINTENANCE_MC
Equipment Control,z_EC_EQUIP_UDFs_MC
Equipment Control,z_EC_MostRecentRevDate_MC
Equipment Control,z_ECAuditDetail_MC
Equipment Tracking,ET_DATA_ENTRY_REQ_DETAIL_MC
Equipment Tracking,ET_DATA_ENTRY_REQ_HEADER_MC
Equipment Tracking,ET_RATE_SCHEDULE_MC
Equipment Tracking,ET_RECURR_EQUIP_BILLING_MC
Equipment Tracking,ET_REQ_HEADER_USER_FIELDS_MC
Equipment Tracking,ET_REQ_HISTORY_DETAIL_MC
Equipment Tracking,ET_REQ_HISTORY_HEADER_MC
Equipment Tracking,ET_REQ_USER_FIELDS_DET_MC
Fixed Assets,FA_ASSET_MASTER_FILE_MC
Fixed Assets,FA_DEPARTMENT_CODE_MC
Fixed Assets,FA_GL_CONTROL_MC
Fixed Assets,FA_GL_SUMMARY_MC
Fixed Assets,FA_HISTORY_MC
General Ledger,Gl_Account_Activity_Mc
General Ledger,GL_ACCOUNT_USER_FIELDS_MC
General Ledger,GL_BALANCE_MC
General Ledger,GL_BALANCE1_V_MC
General Ledger,GL_BUDGET_MC
General Ledger,GL_DEPARTMENT_MC
General Ledger,GL_DETAIL_MC
General Ledger,GL_FISCAL_CALENDAR_DETAIL_MC
General Ledger,GL_JOURNAL_ENTRY_DETAIL_MC
General Ledger,GL_JOURNAL_ENTRY_HEADER_MC
General Ledger,GL_JOURNAL_ENTRY_LOG_MC
General Ledger,GL_MASTER_COST_CENTERS_MC
General Ledger,GL_MASTER_MC
General Ledger,GL_MASTER2_V_MC
General Ledger,z_GL_GLAccount_UDFs_MC
General Ledger,z_GL_ICBal_MC
General Ledger,z_GL_ICReconDrilldown_MC
General Ledger,z_IA_GLDetail_MC
Human Resources,HR_ACCRUAL_HISTORY_MC
Human Resources,HR_APP_ACCRUAL_HISTORY_MC
Human Resources,HR_APP_TO_DATE_INFO_MC
Human Resources,HR_APP_VOL_DEDUCT_INFO_MC
Human Resources,HR_APP_WORK_TAX_SETUP_MC
Human Resources,HR_APPL_VOL_DEDUCT_MC
Human Resources,HR_APPLICANT_BENEFITS_MC
Human Resources,HR_APPLICANT_CIVIL_MC
Human Resources,HR_APPLICANT_EMP_HISTORY_MC
Human Resources,HR_APPLICANT_INSURANCE_MC
Human Resources,HR_APPLICANT_MASTER_1_MC
Human Resources,HR_APPLICANT_MASTER_2_MC
Human Resources,HR_APPLICANT_MASTER_3_MC
Human Resources,HR_APPLICANT_TO_DO_LIST_MC
Human Resources,HR_APPLICANT_USER_FIELDS_MC
Human Resources,HR_BENEFITS_MASTER_MC
Human Resources,HR_DRUG_TEST_CODES_MC
Human Resources,HR_EMP_DEPENDENTS_MC
Human Resources,HR_EMP_DRUG_DET_MC
Human Resources,HR_EMP_DRUG_HDR_MC
Human Resources,HR_EMP_DRUG_REP_MC
Human Resources,HR_EMPL_ATTACHED_FILES_MC
Human Resources,HR_EMPLOYEE_BENEFITS_MC
Human Resources,HR_EMPLOYEE_INSURANCE_MC
Human Resources,HR_EMPLOYEE_LOG_MC
Human Resources,HR_EMPLOYEE_TRAINING_MC
Human Resources,HR_INC_USER_FIELDS_DET_MC
Human Resources,HR_INC_USR_DEF_FLD_XREF_MC
Human Resources,HR_INCIDENTS_MC
Human Resources,HR_INCIDENTS_PEOPLE_MC
Human Resources,HR_INCIDENTS_PROPERTY_MC
Human Resources,HR_INSURANCE_CODES_MC
Human Resources,HR_INSURANCE_SCHEMES_MC
Human Resources,HR_INSURANCE_TYPES_MC
Human Resources,HR_INTERVIEWS_MC
Human Resources,HR_JOB_TITLE_MASTER_MC
Human Resources,HR_JOB_TITLE_PAY_LEVEL_MC
Human Resources,HR_JOB_TITLE_REQUIREMENTS_MC
Human Resources,HR_Locations_MC
Human Resources,HR_OPENINGS_APPLICANTS_MC
Human Resources,HR_OPENINGS_MC
Human Resources,HR_OPENINGS_REQUIREMENTS_MC
Human Resources,HR_TRAINING_LEVELS_MC
Human Resources,HR_TRAINING_MC
Human Resources,z_HR_FSA_HSA_Enrollments_Further_MC
Human Resources,z_HR_HSA_FSA_Elections_MC
Inventory Control,IM_CATEGORY_MASTER_MC
Inventory Control,IM_GL_DEPARTMENT_MC
Inventory Control,IM_ITEM_COMMENTS_MC
Inventory Control,IM_ITEM_COST_CENTERS_MC
Inventory Control,IM_ITEM_MASTER_MC
Inventory Control,IM_ITEM_QUANTITY_MC
Inventory Control,IM_ITEM_USER_FIELDS_DET_MC
Inventory Control,IM_ITEM_WHSE_MC
Inventory Control,IM_TRANSACTION_HISTORY_MC
Inventory Control,IM_WAREHOUSE_MASTER_MC
Job Cost,Jc_Activity_By_Period_Mc
Job Cost,JC_ACTIVITY_SUMMARY_MC
Job Cost,Jc_Billed_By_Period_Mc
Job Cost,JC_BILLED_SUMMARY_MC
Job Cost,JC_CASH_FLOW_V_MC
Job Cost,Jc_Co_Amt_By_Period_Mc
Job Cost,JC_CO_AMT_SUMMARY_MC
Job Cost,Jc_Committed_By_Period_Mc
Job Cost,JC_COMMITTED_SUMMARY_MC
Job Cost,JC_COMPLIANCE_V_MC
Job Cost,JC_COST_TRANSACTION_MC
Job Cost,Jc_Cost_Type_Master_Mc
Job Cost,Jc_Earned_Revenue_History_Mc
Job Cost,JC_EARNED_REVENUE_TRAN_MC
Job Cost,Jc_Job_Backlog_Mtd_Mc
Job Cost,JC_JOB_BACKLOG_SUMMARY_MC
Job Cost,JC_JOB_BACKLOG_TOP10_MC
Job Cost,Jc_Job_Cash_Flow_Mc
Job Cost,JC_JOB_CHANGE_ORDER_TOTAL_MC
Job Cost,JC_JOB_CNTR_CO_MTD_MC
Job Cost,JC_JOB_COMPLIANCE_MC
Job Cost,JC_JOB_CONTACTS_MC
Job Cost,Jc_Job_Gross_Margin_Mtd_Mc
Job Cost,JC_JOB_GROSS_MARGIN_TREND_MC
Job Cost,Jc_Job_Legal_Description_Mc
Job Cost,JC_JOB_MASTER_MC
Job Cost,JC_JOB_MASTER_TOP10_MC
Job Cost,JC_JOB_MASTER_TOTAL_V_MC
Job Cost,JC_JOB_NOTES_MASTER_MC
Job Cost,JC_JOB_PROJECTED_TOTAL_MC
Job Cost,JC_JOB_TRACK_ITEM_MC
Job Cost,JC_JOB_USER_FIELDS_DET_MC
Job Cost,Jc_Job_Wage_Code_Mc
Job Cost,JC_OVERHEAD_DETAIL_MC
Job Cost,JC_OVERHEAD_HEADER_MC
Job Cost,JC_OVERHEAD_HISTORY_MC
Job Cost,Jc_Phase_Master_Mc
Job Cost,JC_PHASE_MASTER_TOTAL1_MC
Job Cost,JC_PHASE_MASTER_TOTAL2_MC
Job Cost,JC_PHASE_MASTER_TOTAL3_MC
Job Cost,JC_PHASE_MASTER_TOTAL4_MC
Job Cost,JC_PHASE_MASTER_TOTAL5_MC
Job Cost,JC_PHASE_MASTER3_V_MC
Job Cost,JC_PHASE_PROJECTED_TOTAL_MC
Job Cost,Jc_Phase_Sum_Remarks_Mc
Job Cost,JC_PHASE_SUMMARY_MC
Job Cost,JC_PHASE_USER_DEF_FIELDS_MC
Job Cost,Jc_Phase_Wage_Code_Mc
Job Cost,Jc_Proj_Cost_History_Mc
Job Cost,Jc_Projected_By_Period_Mc
Job Cost,JC_PROJECTED_SUMMARY_MC
Job Cost,Jc_Proposed_Job_Gm_Mtd_Mc
Job Cost,Jc_Proposed_Job_Mc
Job Cost,JC_PROPOSED_JOB_TOP10_MC
Job Cost,Jc_Quantity_History_Mc
Job Cost,JC_STD_PHASE_DESCRIPTION_MC
Job Cost,JC_SUBCONTRACTS_V_MC
Job Cost,JC_TAX_CLASS_MC
Job Cost,JC_TRACK_ITEM_MC
Job Cost,Jc_Transaction_History_Mc
Job Cost,XJC_MDUCON_576801_CS_H_MC
Job Cost,XJC_MDUCON_576801_CS_T_MC
Job Cost,z_ETL_JC_CommByJobByPhase_MC
Job Cost,z_JC_CSGIT1538_OneLine_MC
Job Cost,z_JC_FPWIPReview_MC
Job Cost,z_JC_Job_Dates_MC
Job Cost,z_JC_Job_Notes_MC
Job Cost,Z_JC_JOB_PERSONNEL_MC
Job Cost,z_JC_Job_Snapshot_MC
Job Cost,z_JC_Job_UDFs_MC
Job Cost,z_JC_JobTypeDetailByJob_MC
Job Cost,z_JC_MCWIP_RevAndMarginByCustByPeriod_MC
Job Cost,z_JC_MCWIP_RevAndMarginByCustRoll12_MC
Job Cost,z_JC_ProjCostCoverage_MC
Materials Management,SI_CUST_CONTRACT_HAULER_MC
Materials Management,SI_CUSTOMER_CONTRACT_MC
Materials Management,SI_FREIGHT_ADJUST_ENTRY_MC
Materials Management,SI_FREIGHT_ADJUST_HISTORY_MC
Materials Management,SI_FREIGHT_ADJUSTMENTS_MC
Materials Management,SI_FREIGHT_COST_RECON_MC
Materials Management,SI_FREIGHT_INVOICE_HIST_MC
Materials Management,SI_HAULER_MC
Materials Management,SI_ITEM_TRANSACTION_MC
Materials Management,SI_JOB_CONTRACT_HAULER_MC
Materials Management,SI_JOB_CONTRACT_MC
Materials Management,SI_JOB_PRICING_MC
Materials Management,SI_OUTSIDE_MAT_COST_RECON_MC
Materials Management,SI_PLANT_ITEM_QTY_BALANCE_MC
Materials Management,SI_PLANT_PIT_MC
Materials Management,SI_SCALE_ITEM_MC
Materials Management,SI_TICKET_ENTRY_MC
Materials Management,SI_TICKET_HISTORY_MC
Materials Management,SI_TICKET_ITEM_DET_HIST_MC
Materials Management,SI_TICKET_ITEM_DETAIL_MC
Materials Management,SI_TICKET_USER_FIELDS_DET_MC
Materials Management,SI_TICKET_USER_FLDS_HIST_MC
Materials Management,SI_TRUCK_MC
Order Processing,IN_INVOICE_DETAIL_MC
Order Processing,IN_INVOICE_GL_INFO_MC
Order Processing,IN_INVOICE_HEADER_MC
Order Processing,IN_INVOICE_TOTALS_MC
Order Processing,OE_CUST_ORDER_TOTAL_MC
Order Processing,OE_ORDER_DETAIL_MC
Order Processing,OE_ORDER_HEADER_MC
Order Processing,OE_ORDER_TOTALS_MC
Order Processing,OE_QUOTE_DETAIL_MC
Order Processing,OE_QUOTE_HEADER_MC
Order Processing,OE_QUOTE_TOTALS_MC
Payroll,PR_CHECK_HISTORY_MC
Payroll,PR_CHECK_HISTORY1_V_MC
Payroll,PR_CHECK_LOG_MC
Payroll,PR_CHECK_VOL_DED_HISTORY_MC
Payroll,PR_DEDUCTIONS_MC
Payroll,PR_DEPARTMENT_MC
Payroll,PR_EEO_CLASS_MC
Payroll,PR_EMP_USER_FIELDS_DET_MC
Payroll,PR_EMPL_STATE_TAX_HIST_MC
Payroll,PR_EMPL_TO_DATE_INFO_MC
Payroll,PR_EMPL_VOL_DEDUCT_MC
Payroll,PR_EMPL_WORK_COMP_HIST_MC
Payroll,PR_EMPL_WORK_TAX_SETUP_MC
Payroll,PR_EMPLOYEE_CHANGE_LOG_MC
Payroll,PR_EMPLOYEE_DATES_MC
Payroll,PR_EMPLOYEE_LAST_ENTRIES_MC
Payroll,PR_EMPLOYEE_MASTER_1_MC
Payroll,PR_EMPLOYEE_MASTER_2_MC
Payroll,PR_EMPLOYEE_MASTER_3_MC
Payroll,PR_EMPLOYEE_STATUS_MC
Payroll,PR_FRINGES_MC
Payroll,PR_GL_HISTORY_MC
Payroll,PR_INCOME_TAX_TABLE_MC
Payroll,PR_LAYOFF_CHECK_TC_DETAIL_MC
Payroll,PR_NON_UNION_PAY_GROUP_MC
Payroll,PR_PRE_TC_IMPORT_ERR_MC
Payroll,PR_PRE_TC_IMPORT_ERROR_MC
Payroll,PR_PRE_TIME_CARD_MC
Payroll,PR_RATE_REVISION_MC
Payroll,PR_SUPERVISOR_MC
Payroll,PR_TC_DET_UNION_DED_HIST_MC
Payroll,PR_TC_QTY_ENTRY_MC
Payroll,PR_TIME_CARD_DETAIL_MC
Payroll,PR_TIME_CARD_HISTORY_MC
Payroll,PR_TIME_OFF_BANK_LOG_MC
Payroll,PR_UNION_MASTER_1_MC
Payroll,PR_UNION_MASTER_2_MC
Payroll,PR_VAC_HOL_SICK_MASTER_MC
Payroll,PR_VOL_DEDUCT_MASTER_MC
Payroll,PR_VOL_DEDUCT_TAX_TABLE_MC
Payroll,PR_W2_FORM_PRINT_MC
Payroll,PR_WAGE_CLASS_MASTER_MC
Payroll,PR_WEEKLY_SUMMARY_MC
Payroll,PR_WORKERS_COMP_MAINTENANCE_MC
Payroll,z_PR_ActiveEmpLockdown_MC
Payroll,z_PR_C19TCExcelTool_MC
Payroll,z_PR_CAC19TCExcelTool_MC
Payroll,z_PR_Contact_Info_MC
Payroll,z_PR_ContributionTracking_MC
Payroll,z_PR_CurrentAndPreviousHourlyRate_MC
Payroll,z_PR_Department_Custom_MC
Payroll,z_PR_Emp_Master_Custom_MC
Payroll,z_PR_EMP_Validated_User_Fields_Det_MC
Payroll,z_PR_PaidHoursComparison_MC
Payroll,z_PR_PaidHoursTotals_MC
Payroll,z_PR_PayTypeDescriptions_MC
Payroll,z_PR_Principal_TempData_MC
Payroll,z_PR_Sup_Verify_MC
Payroll,z_PR_Supervisor_MC
Payroll,z_PR_TempPrincipalPlanB_MC
Payroll,z_PR_VacAccrualAdj_MC
Payroll,z_PR_W2_FORM_PRINT_Lockdown_MC
Preventive Maintenance,PM_COST_TO_DATE_SUMMARY_MC
Preventive Maintenance,PM_EQUIPMENT_REPAIR_STATUS_CODES_MC
Preventive Maintenance,PM_EQUIPMENT_WO_DET_MC
Preventive Maintenance,PM_EQUIPMENT_WO_PARTS_DET_MC
Preventive Maintenance,PM_MAINT_WO_HEADER_MC
Preventive Maintenance,PM_MAINT_WO_NOTES_MC
Preventive Maintenance,PM_NOTES_MC
Preventive Maintenance,PM_PARTS_FOR_SCHED_TASKS_MC
Preventive Maintenance,PM_PRIORITY_CODES_MC
Preventive Maintenance,PM_PROBLEM_CAUSE_CODES_MC
Preventive Maintenance,PM_PROBLEM_TYPE_CODES_MC
Preventive Maintenance,PM_SCHEDULE_MC
Preventive Maintenance,PM_SERVICE_ENTRY_MC
Preventive Maintenance,PM_SERVICE_ENTRY_NOTES_MC
Preventive Maintenance,PM_SERVICE_ENTRY_PARTS_MC
Preventive Maintenance,PM_SERVICE_ENTRY_WO_XREF_MC
Preventive Maintenance,PM_SERVICE_HISTORY_MC
Preventive Maintenance,PM_SERVICE_HISTORY_NOTES_MC
Preventive Maintenance,PM_SERVICE_HISTORY_PARTS_MC
Preventive Maintenance,PM_TASK_MC
Preventive Maintenance,PM_WO_DETAIL_USER_FIELDS_MC
Preventive Maintenance,PM_WO_HEADER_USER_FIELDS_MC
Preventive Maintenance,PM_WO_USER_FIELDS_DET_MC
Project Management,PJ_BUILDING_AREA_MC
Project Management,PJ_CATEGORY_STATUS_MC
Project Management,PJ_CORRESPONDENCE_HEADER_MC
Project Management,PJ_CORRESPONDENCE_RECIPIENTS_MC
Project Management,PJ_CORRESPONDENCE_RELATED_MC
Project Management,PJ_LOG_ENTRY_GEN_MANPOWER_MC
Project Management,PJ_LOG_ENTRY_SUB_MANPOWER_MC
Project Setup,EL_COST_CODE_PHASE_MC
Project Setup,EL_SETUP_BILLING_DETAIL_MC
Project Setup,EL_SETUP_BILLING_GROUP_MC
Project Setup,EL_SETUP_DETAIL_MC
Project Setup,EL_SETUP_HEADER_MC
Project Setup,EL_STAND_COST_CODE_PHASE_MC
Purchase Order,PO_BLANKET_RELEASE_HEADER_MC
Purchase Order,PO_CC_ORDERED_BY_PERIOD_MC
Purchase Order,PO_CC_RECEIVED_BY_PERIOD_MC
Purchase Order,PO_LOG_MC
Purchase Order,PO_NOTES_MC
Purchase Order,PO_ORDER_USER_FIELDS_DET_MC
Purchase Order,PO_PACK_LIST_COMP_DETAIL_MC
Purchase Order,PO_PACK_LIST_DETAIL_MC
Purchase Order,PO_PACK_LIST_HEADER_MC
Purchase Order,PO_PROP_PO_UPLOAD_EXCEPT_MC
Purchase Order,PO_PROP_USER_FIELDS_DET_MC
Purchase Order,PO_PROPOSED_PO_DETAIL_MC
Purchase Order,PO_PROPOSED_PO_HEADER_MC
Purchase Order,PO_PROPOSED_PO_NOTES_MC
Purchase Order,PO_PURCHASE_ORDER_DETAIL_MC
Purchase Order,PO_PURCHASE_ORDER_HEADER_MC
Purchase Order,PO_RECEIVING_HISTORY_MC
Purchase Order,PO_REVISION_PO_DET_MC
Purchase Order,PO_VENDOR_SPECIAL_PRICE_MC
Purchase Order,z_PO_No_Image_MC
Sales Analysis,SA_CUSTOMER_ITEM_SUMMARY_MC
Sales Analysis,SA_DETAIL_MC
Service Contract,SC_BILLING_HISTORY_MC
Service Contract,SC_BILLING_HISTORY_V_MC
Service Contract,SC_COMP_WARRANTY_NOTES_MC
Service Contract,SC_COMPONENT_MC
Service Contract,SC_CON_REVENUE_SCHED_MC
Service Contract,SC_CONTRACT_BILLING_MC
Service Contract,SC_CONTRACT_COMPONENTS_MC
Service Contract,SC_CONTRACT_EQUIPMENT_MC
Service Contract,SC_CONTRACT_MC
Service Contract,SC_CONTRACT_TOP10_MC
Service Contract,SC_CONTRACT_TYPE_MC
Service Contract,SC_CONTRACT_VISIT_EQUIP_MC
Service Contract,SC_CONTRACT_VISIT_MC
Service Contract,SC_DESCRIPTION_MC
Service Contract,SC_FILE_EXCEPTION_NOTES_MC
Service Contract,SC_FILE_NOTES_MC
Service Contract,SC_GL_DIST_HIST_MC
Service Contract,SC_PROP_FILE_EXCEPT_NOTES_MC
Service Contract,SC_PROPOSAL_NOTES_MC
Service Contract,SC_PROPOSED_SYSTEM_NOTES_MC
Service Contract,SC_REV_CONTRACT_BILLING_MC
Service Contract,SC_SCHEDULE_SYSTEM_MC
Service Contract,SC_SCHEDULE_TASK_DETAIL_MC
Service Contract,SC_SCHEDULE_TASK_PARTS_MC
Service Contract,SC_SCHEDULE_VISIT_NOTES_MC
Service Contract,SC_SYSTEM_MC
Service Contract,SC_SYSTEM_NOTES_MC
Service Contract,SC_SYSTEM_PARTS_NOTES_MC
Service Contract,SC_SYSTEM_TYPE_MC
Service Contract,SC_TASK_MC
Service Contract,SC_TASK_SCHEDULE_MC
Small Tools,ST_TOOL_MASTER_MC
Small Tools,ST_TRANSACTION_MC
Time and Materials,TM_ADD_ON_MC
Time and Materials,TM_BILL_DETAIL_CHANGE_LOG_MC
Time and Materials,TM_BILL_PHASE_COST_TYPE_MC
Time and Materials,TM_BILL_TOTAL_MC
Time and Materials,TM_BILLING_ADD_ONS_MC
Time and Materials,TM_BILLING_COST_TYPE_MC
Time and Materials,TM_BILLING_CT_PHASE_MC
Time and Materials,TM_BILLING_DETAIL_MC
Time and Materials,TM_BILLING_FEES_MC
Time and Materials,TM_BILLING_HISTORY_DETAIL_MC
Time and Materials,TM_BILLING_PHASE_MC
Time and Materials,TM_BILLING_TRANSACTION_MC
Time and Materials,TM_EQUIPMENT_BILL_RATES_MC
Time and Materials,TM_HISTORY_BILL_COST_TYPE_MC
Time and Materials,TM_HISTORY_BILL_CT_PHASE_MC
Time and Materials,TM_HISTORY_BILL_PHASE_CT_MC
Time and Materials,TM_HISTORY_BILL_PHASE_MC
Time and Materials,TM_HISTORY_BILLING_ADD_ON_MC
Time and Materials,TM_HISTORY_BILLING_FEES_MC
Time and Materials,TM_HISTORY_BILLING_TOTAL_MC
Time and Materials,TM_JOB_ADD_ON_MC
Time and Materials,TM_JOB_BILLING_MC
Time and Materials,TM_JOB_EQUIP_BILL_RATES_MC
Time and Materials,TM_JOB_FEE_MC
Time and Materials,TM_JOB_LABOR_BILL_RATES_MC
Time and Materials,TM_JOB_MARKUP_MC
Work Order,WO_ADDRESS_MC
Work Order,WO_ADDRESS_USER_FIELDS_MC
Work Order,WO_APPROVAL_DETAIL_MC
Work Order,WO_BILLED_MC
Work Order,WO_BILLING_HISTORY_MC
Work Order,WO_COMPONENT_MC
Work Order,WO_CONTRACT_LABOR_BILLING_RATES_MC
Work Order,WO_COST_HISTORY_MC
Work Order,WO_EMPL_HOURS_HIST_DETAIL_MC
Work Order,WO_EMPL_LABOR_HOURS_DET_MC
Work Order,WO_EMPLOYEE_ASSIGNMENT_MC
Work Order,WO_EMPLOYEE_STATUS_LOG_MC
Work Order,WO_EQUIPMENT_MC
Work Order,WO_FLAT_RATE_TASK_DETAIL_MC
Work Order,WO_FLAT_RATE_TASK_MC
Work Order,WO_FLAT_RATE_TSK_HIST_DET_MC
Work Order,WO_HEADER_MC
Work Order,WO_HEADER_USER_FIELDS_MC
Work Order,WO_MAKE_MC
Work Order,WO_MATERIAL_DETAIL_HIST_MC
Work Order,WO_MATERIAL_DETAIL_MC
Work Order,WO_MODEL_MC
Work Order,WO_NONSTOCK_MARKUP_MC
Work Order,WO_OTHER_COST_DETAIL_MC
Work Order,WO_OTHER_COST_HIST_DETAIL_MC
Work Order,WO_OTHER_COST_MC
Work Order,WO_PROP_FLAT_RATE_TSK_DET_MC
Work Order,WO_PROP_NOTES_COMMENTS_MC
Work Order,WO_PROPOSAL_COMMENTS_MC
Work Order,WO_REFRIGERANT_DETAIL_MC
Work Order,WO_REVENUE_COST_MC
Work Order,WO_REVENUE_COST_TOP10_MC
Work Order,WO_SITE_LABOR_BILLING_RATES_MC
Work Order,WO_SITE_USER_FIELDS_DET_MC
Work Order,WO_STANDARD_CHARGE_MC
Work Order,WO_STANDARD_CHARGE_TYPES_MC
Work Order,WO_TASK_LABOR_MC
Work Order,WO_TASK_MATERIAL_MC
Work Order,WO_TASK_OTHER_MC
Work Order,WO_WO_USER_FIELDS_DET_MC
Work Order,WO_WORK_APPROVED_COMMENTS_MC
Work Order,WO_WORK_COMPLETED_COMMENTS_MC
Work Order,WO_WORK_ORDERED_COMMENTS_MC
Work Order,z_WO_UDFs_MC
